<Driver Description="Describe the purpose of your CloudShell shell" MainClass="driver.Sentry3G2PduDriver" Name="Sentry3G2PduDriver" Version="1.0.0">
    <Layout>
        <Command Name="PowerOn" DisplayName="Power On" Tags="power" Description="Power on device">
        </Command>
        <Command Name="PowerOff" DisplayName="Power Off" Tags="power" Description="Power off device">
        </Command>
        <Command Name="PowerCycle" DisplayName="Power Cycle" Tags="power" Description="Power off, then power on device">
            <Parameters>
                <Parameter Name="delay" DisplayName="Delay" Type="String" Mandatory="False" DefaultValue="0"/>
            </Parameters>
        </Command>
    </Layout>
</Driver>
